scoopapa,&
AquaticPanic,&
piikiki4,&
DuoM2,@
inkbug1,@
Charizard8888,@
Tapler,@
Jumpheart,@
woo,@
Notmossy,@
anaconja,@
Gekokeso,@
zxgzxg,@
TheCruelest,+
Ludicrousity,+
Petuuuhhh,+
G-Luke,+
Earlio2,+
Earl,+
YungDramps,+
kakaks,+
tkmof~11209,+
Magmajudis,+
EnPassant4264,+
clastia,+
clastitest,+
iamasandwich,+
iamnotasandwich,+
NotPalpitoadChamp,+
Slidefire17,+
BeafCultist,+
abismal,+
ItsEmaSkye,+
Paul(Paulluxx),+
lavarina,+
isocon,+
regicboat,+
BlazingHero657,+
Parcos,+
moretto,+
LordPxperto,+
albatrss,+
NeonNitroGlycerin,+
StickyFingaa,+
DedoDedo,+
ViZarAustria,+
J2__PT,+
Squawkerz,+
ry42,+
mundobita,+
H2OPulse,+
SoulDewLatias,+
Mintlyfresh,+
pupugugu,+
GravityMonkey,+
Bekama,+
Glacynerd,+
Exploziff,+
ASnomPlaysShowdown,+
kha243,+
Jorge28055,+
BugsOnVacation,+
Samtendo09,+
Bab01,+
ImpSquare,+
Adidont,+
your6name9,+
scorbunnyss,+
ausma,+
MMX2,+
pika xremeÂ²,+
Rezz0,+
RezzO,+
winterloom67,+
BT89,+
Lowkeygmazing,+
Low-Key-G-Mazing,+
TailGlowVM,+
Portable Fridge,+
Scavet,+
megasaregodsAG,+
analysisgeek,+
ViZarPKMN,+
Baldinette,+
Moominmoomin,+
ThatTheDamned,+
SagioRay,+
sillyworm,+
epikdude,+
nikkistream,+
r1dude,+
shaunsmith1012,+
stonecat,+
megaspoopy000,+
hauntedditto,+
lrxc,+
olddancejacket,+
josjet,+
rezzo64,+
EeveeGirl_Star13,+
zoomercide,+
447323a,+
hisuianpokemon,+
deviation395,+
holyclouds,+
icemasterduimio,+
timetochill,+
mirageplane,+
Hematemesis,+
kunchi,+
bynum,+
piikiki4butagain,+
dex,+
rainbowhair,+
r7m, +
darkrairetribution,+
Redwood Rogue,+
Quantum Tesseract,+
EeveeGirl_Star13,+
Monai,+
Bobsican,+
anique,+
jmss all the way,+
EeveeGirl1380,+
Onyx Onix 7,+
TTTech_,+
arbys roast beef,+
Jsjsjsjsjjs,+
rain1272,+
voyagar,+
DuckeryDoodle,+
TheShowdownHoedown,+
Noctrine,+
xxsevagxx,+
cityscapes,+
godofjoe,+
lexrn,+
whatstyle?,+
xbossarux,+
jazzmat,+
present4u,+
Sceon,+
rkcbb,+
Ghiteoff,+
shitrock enjoyer,+
ThatOneBall,+
kingofironfrisk,+
JimCool,+
DkKoba,+
The PDB,+
Shaun_CCGeek,+
blooclipse,+
SwordIsBored,+
Ninjacid,+
ItzaDelta,+
DripLegend,+
R8,+
TehTayTeh,+
rasdanation,+
the someone,+
domeox,+
paulattejanno,+
ungoldbr,+
dukusaishang,+
sonorusblack,+
yneto,+
nintenston,+
lapzaplerq,+
May,+
shingenx,+
Gaboswampert,+
KnivesMK,+
Hydreigon > Latias,+
